type,name,details,information
exercise,Barbell Bench Press,"Muscle: Chest; Equipment: Barbell; Difficulty: Intermediate; Sets: 3; Reps: 8-10; Rest: 120 seconds","Compound exercise for chest and triceps. Lie on the bench, lower the bar to your chest and press it upward."
exercise,Incline Dumbbell Press,"Muscle: Upper Chest; Equipment: Dumbbells; Difficulty: Beginner; Sets: 3; Reps: 8-12; Rest: 90 seconds","Perform on an incline bench. Press the dumbbells upward and slowly lower them."
exercise,Dumbbell Fly,"Muscle: Chest; Equipment: Dumbbells; Difficulty: Beginner; Sets: 3; Reps: 10-15; Rest: 60 seconds","Lower the dumbbells outward with slightly bent elbows and bring them back together."
exercise,Push Ups,"Muscle: Chest; Equipment: Bodyweight; Difficulty: Beginner; Sets: 3; Reps: 10-20; Rest: 60 seconds","Keep your body straight, lower your chest toward the floor and push back up."
exercise,Barbell Squat,"Muscle: Legs; Equipment: Barbell; Difficulty: Intermediate; Sets: 3; Reps: 6-10; Rest: 150 seconds","Place the bar on your upper back, squat down while maintaining control and drive through your feet to stand."
exercise,Leg Press,"Muscle: Quadriceps; Equipment: Machine; Difficulty: Beginner; Sets: 3; Reps: 10-12; Rest: 120 seconds","Lower the platform by bending your knees and push it away while maintaining controlled movement."
exercise,Romanian Deadlift,"Muscle: Hamstrings; Equipment: Barbell; Difficulty: Intermediate; Sets: 3; Reps: 8-12; Rest: 120 seconds","Keep your back neutral, push your hips backward and lower the bar close to your legs."
exercise,Lat Pulldown,"Muscle: Back; Equipment: Cable Machine; Difficulty: Beginner; Sets: 3; Reps: 8-12; Rest: 90 seconds","Pull the bar toward your upper chest while keeping your torso stable."
exercise,Pull Ups,"Muscle: Back; Equipment: Bodyweight; Difficulty: Intermediate; Sets: 3; Reps: 6-12; Rest: 120 seconds","Pull your body upward until your chin reaches the bar and lower yourself with control."
exercise,Seated Cable Row,"Muscle: Back; Equipment: Cable Machine; Difficulty: Beginner; Sets: 3; Reps: 8-12; Rest: 90 seconds","Pull the cable toward your torso while keeping your back straight."
exercise,Dumbbell Shoulder Press,"Muscle: Shoulders; Equipment: Dumbbells; Difficulty: Beginner; Sets: 3; Reps: 8-12; Rest: 90 seconds","Press dumbbells overhead from shoulder level and slowly return."
exercise,Lateral Raise,"Muscle: Shoulders; Equipment: Dumbbells; Difficulty: Beginner; Sets: 3; Reps: 12-15; Rest: 60 seconds","Raise the dumbbells sideways to approximately shoulder height and slowly lower them."
exercise,Barbell Bicep Curl,"Muscle: Biceps; Equipment: Barbell; Difficulty: Beginner; Sets: 3; Reps: 8-12; Rest: 60 seconds","Keep your elbows close to your body and curl the bar toward your shoulders."
exercise,Hammer Curl,"Muscle: Biceps; Equipment: Dumbbells; Difficulty: Beginner; Sets: 3; Reps: 10-15; Rest: 60 seconds","Use a neutral grip and curl the dumbbells upward without swinging."
exercise,Tricep Pushdown,"Muscle: Triceps; Equipment: Cable Machine; Difficulty: Beginner; Sets: 3; Reps: 10-15; Rest: 60 seconds","Push the cable handle downward while keeping your elbows close to your body."
exercise,Overhead Tricep Extension,"Muscle: Triceps; Equipment: Dumbbell; Difficulty: Beginner; Sets: 3; Reps: 10-15; Rest: 60 seconds","Lower the dumbbell behind your head by bending your elbows and extend your arms."
exercise,Plank,"Muscle: Core; Equipment: Bodyweight; Difficulty: Beginner; Sets: 3; Reps: 30-60 seconds; Rest: 45 seconds","Maintain a straight body position while bracing your abdominal muscles."
split,Full Body 3 Day,"Monday: Full Body; Wednesday: Full Body; Friday: Full Body","Suitable for people training three days per week."
split,Upper Lower 4 Day,"Monday: Upper Body; Tuesday: Lower Body; Thursday: Upper Body; Friday: Lower Body","Suitable for people training four days per week."
split,Push Pull Legs 6 Day,"Monday: Push; Tuesday: Pull; Wednesday: Legs; Thursday: Push; Friday: Pull; Saturday: Legs","Six-day split covering each major movement group twice per week."
goal,Bulking,"Calorie strategy: Small calorie surplus; Priority: Muscle growth and progressive resistance training","Bulking aims to support muscle gain using resistance training, adequate protein and a controlled calorie surplus."
goal,Cutting,"Calorie strategy: Moderate calorie deficit; Priority: Fat loss and muscle retention","Cutting aims to reduce body fat while maintaining muscle through resistance training and adequate protein."
goal,Maintenance,"Calorie strategy: Calories around maintenance; Priority: Fitness and strength","Maintenance aims to keep body weight relatively stable while continuing balanced training."
food,Chicken Breast,"Diet: Non-Vegetarian; Calories: 165 per 100g; Protein: 31g; Carbs: 0g; Fat: 3.6g","High-protein food that can be included in meals for muscle growth."
food,Egg,"Diet: Non-Vegetarian; Calories: 143 per 100g; Protein: 13g; Carbs: 1.1g; Fat: 9.5g","Protein-rich food suitable for many bulking or cutting diets."
food,Paneer,"Diet: Vegetarian; Calories: 265 per 100g; Protein: 18g; Carbs: 6g; Fat: 20g","Protein and calorie-dense vegetarian food useful for bulking."
food,Tofu,"Diet: Vegan; Calories: 76 per 100g; Protein: 8g; Carbs: 1.9g; Fat: 4.8g","Plant-based protein source suitable for vegetarian and vegan diets."
food,Soy Chunks,"Diet: Vegan; Calories: 345 per 100g; Protein: 52g; Carbs: 33g; Fat: 0.5g","High-protein plant-based food useful for increasing protein intake."
food,Milk,"Diet: Vegetarian; Calories: 61 per 100g; Protein: 3.2g; Carbs: 4.8g; Fat: 3.3g","Provides protein, carbohydrates and fats."
food,Oats,"Diet: Vegan; Calories: 389 per 100g; Protein: 16.9g; Carbs: 66.3g; Fat: 6.9g","Carbohydrate-rich food that can be combined with milk, fruit and nuts."
food,Rice,"Diet: Vegan; Calories: 130 per 100g; Protein: 2.7g; Carbs: 28g; Fat: 0.3g","Carbohydrate source that can be included in meals around training."
food,Banana,"Diet: Vegan; Calories: 89 per 100g; Protein: 1.1g; Carbs: 22.8g; Fat: 0.3g","Convenient carbohydrate-rich fruit that can be used as a snack."
food,Peanut Butter,"Diet: Vegetarian; Calories: 588 per 100g; Protein: 25g; Carbs: 20g; Fat: 50g","Energy-dense food that can help increase calorie intake during bulking."
food,Almonds,"Diet: Vegan; Calories: 579 per 100g; Protein: 21g; Carbs: 22g; Fat: 50g","Nutrient-dense food containing protein and healthy fats."
food,Chickpeas,"Diet: Vegan; Calories: 164 per 100g; Protein: 8.9g; Carbs: 27g; Fat: 2.6g","Plant-based source of protein and carbohydrates."
food,Lentils,"Diet: Vegan; Calories: 116 per 100g; Protein: 9g; Carbs: 20g; Fat: 0.4g","Plant-based protein and carbohydrate source."
food,Sweet Potato,"Diet: Vegan; Calories: 86 per 100g; Protein: 1.6g; Carbs: 20.1g; Fat: 0.1g","Carbohydrate-rich food suitable for balanced meals."
food,Broccoli,"Diet: Vegan; Calories: 34 per 100g; Protein: 2.8g; Carbs: 7g; Fat: 0.4g","Low-calorie vegetable providing fiber and micronutrients."
food,Spinach,"Diet: Vegan; Calories: 23 per 100g; Protein: 2.9g; Carbs: 3.6g; Fat: 0.4g","Vegetable containing fiber and micronutrients."